code,observed_at,start_at,status,chance_this,chance_next,news
17761,1785832691,1785832691,a,,,
21205,1785832691,1785832691,a,,,
21205,1787270210,1786809608,i,,0.0,Hamstring injury - Unknown return date
40383,1785832691,1785832691,a,,,
49262,1785832691,1785832691,a,,,
50093,1785832691,1785832691,a,,,
50175,1785832691,1785832691,a,,,
50175,1787270210,1787234408,d,,75.0,Unspecified injury - 75% chance of playing
50175,1787910473,1787910473,a,75.0,100.0,
54469,1785832691,1785832691,a,,,
56979,1785832691,1784808083,u,,0.0,has departed the club as a free agent.
56979,1787270210,1786267807,d,,75.0,Wrist injury - 75% chance of playing
56979,1789134473,1786267807,i,75.0,0.0,Wrist injury - Unknown return date
59735,1785832691,1784808084,d,,75.0,Unspecified injury - 75% chance of playing
59735,1787910473,1787910473,a,75.0,100.0,
60307,1785832691,1785832691,a,,,
60689,1785832691,1785832691,a,,,
67089,1785832691,1785832691,a,,,
72147,1785832691,1785832691,a,,,
75115,1785832691,1785832691,a,,,
76357,1785832691,1785832691,a,,,
76357,1787270210,1786730406,i,,0.0,Knee injury - Expected back 10 Oct
78916,1785832691,1785832691,a,,,
78916,1787910473,1787508008,i,,0.0,Ankle injury - Expected back 14 Sep
79602,1788894459,1788894459,a,,,
80178,1785832691,1785832691,a,,,
80201,1785832691,1785832691,a,,,
81441,1785832691,1785832691,a,,,
83299,1785832691,1785832691,a,,,
84450,1785832691,1785832691,a,,,
85633,1785832691,1785832691,a,,,
86873,1785832691,1785832691,a,,,
88894,1785832691,1785832691,a,,,
91651,1785832691,1785832691,a,,,
93605,1785832691,1785832691,a,,,
93605,1787270210,1787270210,a,,100.0,
95658,1785832691,1785832691,a,,,
97032,1785832691,1785832691,a,,,
97846,1788894459,1788894459,a,,,
98747,1785832691,1785832691,a,,,
98980,1785832691,1785832691,a,,,
101188,1785832691,1785832691,a,,,
101188,1787270210,1786370610,u,,0.0,Has joined Paris Saint-Germain permanently
101282,1785832691,1785832691,a,,,
101282,1788894459,1788015609,d,75.0,75.0,Thigh injury - 75% chance of playing
101282,1788963289,1788963289,a,75.0,100.0,
105666,1785832691,1785832691,a,,,
105666,1787270210,1786215606,i,,0.0,Arm injury - Unknown return date
105717,1785832691,1785832691,a,,,
105717,1787270210,1786543683,u,,0.0,Has joined Konyaspor permanently
106611,1785832691,1785832691,a,,,
106760,1785832691,1785832691,a,,,
106760,1789134473,1789131609,d,,75.0,Unspecified injury - 75% chance of playing
106921,1787270210,1787270210,a,,,
108413,1785832691,1785832691,a,,,
108416,1785832691,1785832691,a,,,
108813,1785832691,1785832691,a,,,
109646,1785832691,1785832691,a,,,
109745,1785832691,1785832691,a,,,
110690,1785832691,1785832691,a,,,
111234,1785832691,1785832691,a,,,
111317,1785832691,1785832691,a,,,
111317,1787270210,1786811407,d,,75.0,Unspecified injury - 75% chance of playing
111317,1787910473,1787910473,a,75.0,100.0,
112520,1785832691,1785832691,a,,,
114243,1785832691,1785832691,a,,,
114283,1785832691,1785319210,d,,75.0,Foot injury - 75% chance of playing
114283,1787270210,1787270210,a,,100.0,
115556,1785832691,1785832691,a,,,
116535,1785832691,1785832691,a,,,
119090,1788894459,1788894459,a,,,
119090,1788963289,1788946208,i,,0.0,Knee injury - Expected back 10 Oct
119471,1785832691,1785832691,a,,100.0,
121709,1785832691,1785832691,a,,,
122074,1785832691,1785832691,a,,,
122798,1785832691,1785832691,a,,,
122806,1785832691,1785832691,a,,,
128295,1785832691,1785832691,a,,,
128295,1787270210,1786824007,d,,25.0,Unspecified injury - 25% chance of playing
128295,1787910473,1787910473,i,0.0,0.0,Unspecified injury - Unknown return date
128295,1788894459,1788894459,i,0.0,0.0,Groin injury - Unknown return date
135720,1785832691,1785832691,a,,,
138001,1785832691,1785832691,a,,,
141746,1785832691,1785832691,a,,,
146426,1785832691,1785832691,a,,,
146426,1787910473,1787910473,a,,100.0,
147675,1785832691,1785832691,a,,,
149484,1785832691,1785832691,a,,,
149929,1785832691,1785832691,a,,,
149929,1787270210,1786370568,u,,0.0,Has joined Leicester City permanently
152551,1785832691,1785832691,a,,,
153133,1785832691,1785832691,a,,,
153366,1785832691,1785832691,a,,,
153682,1785832691,1785832691,a,,,
154043,1788894459,1788894459,a,,,
154561,1785832691,1785832691,a,,,
154566,1785832691,1785832691,a,,,
155405,1785832691,1785832691,a,,,
155405,1787270210,1787062316,u,,0.0,Has joined Sheffield United on loan for the rest of the season
155408,1785832691,1785832691,a,,,
155465,1788894459,1788894459,a,,,
155503,1785832691,1785832691,a,,,
158499,1785832691,1784914210,s,,0.0,Suspended until 29 Aug
158499,1787910473,1787910473,a,0.0,100.0,
158983,1785832691,1784808084,d,,75.0,Ankle injury - 75% chance of playing
158983,1787270210,1787270210,a,,100.0,
159506,1785832691,1785832691,a,,,
160817,1785832691,1785832691,a,,,
160817,1788963289,1788960608,d,,75.0,Foot injury - 75% chance of playing
160817,1789045578,1789045578,a,,100.0,
166477,1785832691,1785832691,a,,,
166989,1785832691,1784808083,d,,75.0,Hamstring injury - 75% chance of playing
166989,1787270210,1787270210,a,,100.0,
167074,1785832691,1785832691,a,,,
167512,1785832691,1785832691,a,,,
167825,1785832691,1785832691,a,,,
168144,1785832691,1785832691,a,,,
168636,1785832691,1785832691,a,,,
168636,1787270210,1786716862,u,,0.0,Has joined Getafe permanently
169359,1785832691,1785832691,a,,,
169432,1785832691,1785832691,a,,,
169528,1785832691,1785832691,a,,,
169593,1785832691,1785832691,a,,,
171270,1785832691,1785832691,a,,,
171287,1785832691,1785054610,i,,0.0,Muscular injury - Unknown return date
171314,1785832691,1785832691,a,,,
172453,1785832691,1785832691,a,,,
172453,1787270210,1786974702,u,,0.0,Has joined Derby County on loan for the rest of the season
172649,1785832691,1785832691,a,,,
172649,1787270210,1787234408,d,,75.0,Ankle injury - 75% chance of playing
172649,1787910473,1787910473,a,75.0,100.0,
172649,1789230234,1789221609,i,100.0,0.0,Foot injury - Expected back 11 Oct
172780,1785832691,1785832691,a,,,
172780,1787910473,1787668208,d,,75.0,Shoulder injury - 75% chance of playing
172780,1789202150,1789202150,a,75.0,100.0,
172850,1788894459,1788894459,a,,,
173774,1787270210,1787270210,a,,,
173878,1785832691,1785832691,a,,,
173879,1785832691,1784808083,i,,0.0,Shoulder injury - Expected back 23 Aug
173879,1787270210,1786809608,d,,75.0,Knock - 75% chance of playing
173879,1788894459,1788894459,a,100.0,100.0,
174594,1785832691,1785832691,a,,,
174874,1785832691,1784808084,s,,0.0,Suspended until 29 Aug
174874,1787270210,1787270210,s,,0.0,Suspended until 30 Aug
174874,1787910473,1787910473,a,0.0,100.0,
176297,1785832691,1785832691,a,,,
176412,1785832691,1785832691,a,,,
176412,1787270210,1786744807,i,,0.0,Thigh injury - Unknown return date
176420,1785832691,1785832691,a,,,
177815,1785832691,1785832691,a,,,
178301,1785832691,1785832691,a,,,
178301,1788894459,1788268517,u,0.0,0.0,Has joined Al Hilal permanently
180135,1785832691,1785832691,a,,,
180736,1785832691,1785832691,a,,,
180736,1787270210,1786370631,u,,0.0,Has joined Como permanently
180974,1785832691,1784808084,d,,75.0,Thigh injury - 75% chance of playing
180974,1787270210,1786867208,i,,0.0,Unspecified injury - Unknown return date
183015,1785832691,1785832691,a,,,
183656,1785832691,1785832691,a,,,
183656,1788894459,1788528608,i,0.0,0.0,Hamstring injury - Expected back 10 Oct
184029,1785832691,1785832691,a,,,
184254,1785832691,1785832691,a,,,
184254,1787270210,1787147733,u,,0.0,Has joined Juventus on loan for the rest of the season
184341,1785832691,1785832691,a,,,
184341,1787270210,1786809608,d,,50.0,Foot injury - 50% chance of playing
184341,1787910473,1787910473,d,50.0,75.0,Foot injury - 75% chance of playing
184341,1788894459,1788894459,a,75.0,100.0,
184349,1785832691,1785832691,a,,,
184667,1785832691,1785832691,a,,,
191866,1785832691,1785832691,a,,,
193278,1785832691,1785832691,a,,,
193278,1787910473,1787910473,a,,100.0,
194010,1785832691,1785832691,a,,,
195384,1785832691,1785832691,a,,,
195546,1785832691,1785832691,a,,,
196100,1787270210,1787270210,a,,,
198869,1785832691,1785832691,a,,100.0,
199598,1785832691,1785832691,a,,,
199796,1785832691,1785832691,a,,,
199796,1788989362,1788964208,d,,75.0,Muscular injury - 75% chance of playing
199798,1785832691,1785832691,a,,,
200089,1785832691,1785832691,a,,,
200617,1785832691,1785832691,a,,,
200641,1785832691,1785832691,a,,,
200641,1788894459,1787963589,u,0.0,0.0,has departed the club as a free agent.
200720,1785832691,1785832691,a,,,
200785,1785832691,1785832691,a,,,
200785,1787270210,1786811407,d,,75.0,Unspecified injury - 75% chance of playing
200785,1787910473,1787910473,a,75.0,100.0,
200834,1785832691,1785832691,a,,,
200834,1787270210,1787270210,a,,100.0,
201595,1785832691,1785832691,a,,,
201595,1788894459,1788268359,u,0.0,0.0,Has joined Torino on loan for the rest of the season
201658,1785832691,1785832691,a,,,
201666,1785832691,1785832691,a,,,
201895,1785832691,1785832691,a,,,
201895,1787270210,1787270210,a,,100.0,
202993,1785832691,1785832691,a,,,
204120,1785832691,1785832691,a,,,
204480,1785832691,1785832691,a,,,
204561,1785832691,1785832691,a,,,
204580,1785832691,1785832691,a,,,
204813,1785832691,1785832691,a,,,
204822,1785832691,1785832691,a,,,
204936,1785832691,1785832691,a,,,
204968,1785832691,1785832691,a,,,
204968,1787270210,1786998608,i,,0.0,Unspecified injury - Unknown return date
204968,1787910473,1787910473,a,0.0,100.0,
205533,1785832691,1785832691,a,,,
205533,1789230234,1789221609,d,,75.0,Unspecified injury - 75% chance of playing
205651,1785832691,1785832691,a,,,
205651,1788894459,1788364828,u,0.0,0.0,Has joined FC Barcelona permanently
206915,1785832691,1785832691,a,,,
206915,1787270210,1786905007,d,,75.0,Hip injury - 75% chance of playing
206915,1788894459,1786905007,u,0.0,0.0,Has joined Internazionale permanently
207189,1785832691,1785832691,a,,,
207283,1785832691,1785832691,a,,,
207283,1788894459,1788093008,i,0.0,0.0,Unspecified injury - Expected back 18 Sep
208481,1785832691,1785832691,a,,,
208706,1785832691,1785832691,a,,,
208706,1787270210,1787245209,d,,75.0,Thigh injury - 75% chance of playing
208706,1788894459,1788894459,a,75.0,100.0,
209036,1785832691,1785832691,a,,,
209046,1785832691,1784808084,d,,75.0,Thigh injury - 75% chance of playing
209046,1787270210,1787270210,a,,100.0,
209244,1785832691,1785832691,a,,,
209289,1785832691,1785832691,a,,,
209365,1785832691,1784808084,i,,0.0,Back injury - Unknown return date
209400,1785832691,1785832691,a,,,
210156,1785832691,1785832691,a,,,
210462,1785832691,1785832691,a,,,
210462,1787910473,1787909407,i,,0.0,Calf injury - Unknown return date
210462,1788894459,1788894459,a,100.0,100.0,
212314,1785832691,1785832691,a,,,
212319,1785832691,1785832691,a,,,
212319,1788894459,1788525159,u,0.0,0.0,not included in squad.
213292,1785832691,1785832691,a,,,
213292,1789202150,1789137758,u,,0.0,Has joined Omonoia FC permanently
214225,1785832691,1785832691,a,,,
214225,1788894459,1788105609,i,0.0,0.0,Hamstring injury - Expected back 21 Nov
214285,1785832691,1785832691,a,,,
214572,1785832691,1785832691,a,,,
214590,1787910473,1787910473,a,,,
215059,1785832691,1785832691,a,,,
215059,1788894459,1788366042,u,0.0,0.0,Has joined Como on loan for the rest of the season
215136,1785832691,1785832691,a,,,
215379,1785832691,1785832691,a,,,
215379,1787910473,1787910473,a,,100.0,
215413,1785832691,1785832691,a,,,
215711,1785832691,1785832691,a,,,
215711,1788894459,1788525314,u,0.0,0.0,Has joined Olympiakos permanently
216051,1785832691,1785832691,a,,,
216055,1787270210,1787270210,a,,,
216055,1787910473,1787657408,d,,75.0,Calf injury - 75% chance of playing
216055,1788894459,1788894459,a,100.0,100.0,
216094,1785832691,1785832691,a,,,
216616,1785832691,1785832691,a,,,
216646,1785832691,1785832691,a,,,
218364,1785832691,1785832691,a,,,
218364,1788894459,1788365006,u,0.0,0.0,Has joined FC Cologne on loan for the rest of the season
218543,1788894459,1788894459,a,,,
218997,1785832691,1785832691,a,,,
219168,1785832691,1785832691,a,,,
219249,1785832691,1785832691,a,,,
219847,1785832691,1785832691,a,,,
219924,1785832691,1785832691,a,,,
220237,1785832691,1785832691,a,,,
220362,1785832691,1785832691,a,,,
220362,1789230234,1789227009,s,,0.0,Suspended until 25 Oct
220566,1785832691,1784808084,i,,0.0,Back injury - Unknown return date
220566,1787270210,1787270210,u,,0.0,Has joined Barcelona permanently
220583,1785832691,1785832691,a,,,
220583,1787910473,1787842589,i,,0.0,Knee injury - Unknown return date
220627,1785832691,1785832691,a,,,
221389,1785832691,1785832691,a,,,
221399,1785832691,1785243549,u,,0.0,Has joined New England Revolution permanently
221466,1785832691,1785832691,a,,,
221632,1785832691,1785832691,a,,,
221632,1787270210,1786974545,u,,0.0,Has joined Atletico Madrid permanently
221820,1785832691,1784923210,d,,75.0,Thigh injury - 75% chance of playing
221820,1787270210,1787270210,a,,100.0,
222018,1785832691,1785832691,a,,,
222018,1788894459,1788525416,u,0.0,0.0,Has joined Stoke City on loan for the rest of the season
222531,1785832691,1785832691,a,,,
222531,1787910473,1787910473,a,,100.0,
222625,1785832691,1785832691,a,,,
222625,1787910473,1787317569,u,0.0,0.0,Has joined Stoke City permanently
222683,1785832691,1785832691,a,,,
222694,1785832691,1785832691,a,,,
222694,1787270210,1787270210,a,,100.0,
223094,1785832691,1785832691,a,,,
223340,1785832691,1785832691,a,,,
223434,1785832691,1785832691,a,,,
223434,1788894459,1788363496,u,0.0,0.0,Has joined Burnley permanently
223541,1785832691,1785832691,a,,,
223541,1787910473,1787837408,i,,0.0,Back injury - Unknown return date
223723,1787270210,1787270210,a,,,
223827,1785832691,1785832691,a,,,
224117,1785832691,1785832691,a,,,
224967,1785832691,1785832691,a,,,
225796,1785832691,1785832691,a,,,
226182,1785832691,1785832691,a,,,
226597,1785832691,1785832691,a,,,
226944,1785832691,1784808083,d,,75.0,Knee injury - 75% chance of playing
226944,1787270210,1787270210,a,,100.0,
226965,1785832691,1785832691,a,,,
227444,1785832691,1785832691,a,,,
227444,1789230234,1789221610,d,,75.0,Hamstring injury - 75% chance of playing
229164,1785832691,1785832691,a,,,
229164,1788894459,1788365057,u,0.0,0.0,Has joined Lincoln City on loan until January
229600,1785832691,1785832691,a,,,
230001,1785832691,1785832691,a,,,
230650,1787910473,1787910473,a,,,
230730,1785832691,1785832691,a,,,
231065,1785832691,1785832691,a,,,
231416,1785832691,1785832691,a,,,
231416,1787910473,1787910473,a,,100.0,
231747,1785832691,1785832691,a,,,
231747,1788894459,1787950808,i,0.0,0.0,Hamstring injury - Expected back 11 Oct
231899,1785832691,1785348010,i,,0.0,Knee injury - Unknown return date
232112,1785832691,1784808084,i,,0.0,Knee injury - Unknown return date
232185,1785832691,1785832691,a,,,
232185,1787910473,1787421607,i,,0.0,Groin injury - Unknown return date
232351,1785832691,1785832691,a,,,
232413,1785832691,1785832691,a,,,
232457,1785832691,1785832691,a,,,
232571,1785832691,1785832691,a,,,
232571,1787270210,1786543683,u,,0.0,Has joined Wrexham permanently
232653,1785832691,1785832691,a,,,
232787,1785832691,1785832691,a,,,
232859,1785832691,1785832691,a,,,
232859,1787270210,1787062388,u,,0.0,Has joined Internazionale permanently
232892,1785832691,1785832691,a,,,
232905,1785832691,1785832691,a,,,
232905,1788894459,1788363401,u,0.0,0.0,Has joined Birmingham on loan for the rest of the season
232928,1785832691,1784989810,i,,0.0,Groin injury - Expected back 22 Aug
232928,1787270210,1787270210,i,,0.0,Groin injury - Unknown return date
232928,1787910473,1787910473,a,25.0,100.0,
232928,1788894459,1788717608,d,100.0,75.0,Unspecified injury - 75% chance of playing
232928,1789202150,1789202150,a,100.0,100.0,
235826,1785832691,1785832691,a,,,
235826,1787270210,1787147775,u,,0.0,Has joined West Ham United on loan for the rest of the season
240514,1785832691,1785832691,a,,,
241117,1785832691,1785348010,i,,0.0,Muscular injury - Unknown return date
241117,1789202150,1789202150,a,0.0,100.0,
241293,1785832691,1785832691,a,,,
241293,1787270210,1787270210,a,,100.0,
242313,1785832691,1785832691,a,,,
242880,1785832691,1785832691,a,,,
242880,1787910473,1787666627,u,,0.0,Has joined Napoli on loan for the rest of the season
242882,1785832691,1785832691,a,,,
242893,1789115764,1789115764,a,,,
242898,1785832691,1785832691,a,,,
243016,1785832691,1785832691,a,,,
243298,1785832691,1785832691,a,,,
243298,1788989362,1788978609,d,,75.0,Thigh injury - 75% chance of playing
243298,1789230234,1789230234,a,75.0,100.0,
243413,1785832691,1785832691,a,,,
243526,1785832691,1785832691,a,,,
243526,1787270210,1786219208,i,,0.0,Hamstring injury - Unknown return date
243526,1788894459,1788894459,a,100.0,100.0,
243571,1785832691,1785832691,a,,,
243571,1788894459,1788365123,u,0.0,0.0,Has joined Torino permanently
243951,1788894459,1788894459,a,,,
244042,1785832691,1785832691,a,,,
244723,1785832691,1785832691,a,,,
244850,1785832691,1785832691,a,,,
244851,1785832691,1785832691,a,,,
244851,1787910473,1787910473,a,,100.0,
244858,1785832691,1784808083,i,,0.0,Knee injury - Unknown return date
244858,1787270210,1787061497,d,,75.0,Lack of match fitness - 75% chance of playing
244858,1787910473,1787910473,a,75.0,100.0,
244860,1785832691,1785832691,a,,,
244860,1787910473,1787781608,d,,75.0,Knock - 75% chance of playing
244860,1788894459,1788894459,a,100.0,100.0,
244954,1785832691,1785832691,a,,,
245719,1788894459,1788894459,a,,,
246301,1785832691,1785832691,a,,,
247348,1785832691,1785832691,a,,,
247412,1785832691,1785832691,a,,,
247632,1785832691,1785832691,a,,,
248056,1785832691,1785832691,a,,,
248857,1785832691,1785832691,a,,,
248875,1785832691,1785832691,a,,,
248875,1787270210,1787072408,d,,75.0,Calf injury - 75% chance of playing
248875,1787910473,1787910473,i,0.0,0.0,Calf injury - Expected back 5 Sep
248875,1788894459,1788894459,i,0.0,0.0,Calf injury - Expected back 13 Sep
248875,1789122412,1789122412,i,0.0,0.0,Calf injury - Expected back 20 Sep
249231,1785832691,1785832691,a,,,
250199,1785832691,1785832691,a,,,
424876,1785832691,1785832691,a,,,
427623,1785832691,1785832691,a,,,
427637,1785832691,1785832691,a,,,
428580,1785832691,1785832691,a,,,
428971,1787270210,1787270210,a,,,
430871,1785832691,1785832691,a,,,
431639,1788894459,1788894459,a,,,
432422,1785832691,1785832691,a,,,
432714,1785832691,1785832691,a,,,
432720,1785832691,1785832691,a,,,
432830,1785832691,1785832691,a,,,
432830,1788894459,1788631206,d,,25.0,Calf injury - 25% chance of playing
432830,1789134473,1788631206,i,,0.0,Calf injury - Unknown return date
432987,1785832691,1785348010,i,,0.0,Knee injury - Unknown return date
433036,1785832691,1785832691,a,,,
433036,1787270210,1787234578,u,,0.0,Has joined Al Qadsiah permanently
433154,1785832691,1785832691,a,,,
433590,1785832691,1785832691,a,,,
433590,1787270210,1786215606,i,,0.0,Hamstring injury - Expected back 29 Aug
433590,1787910473,1787910473,a,100.0,100.0,
433590,1788894459,1788365346,u,0.0,0.0,Has joined Genoa permanently
433969,1787270210,1787270210,a,,,
434399,1785832691,1785832691,a,,,
434752,1785832691,1785832691,a,,,
435997,1785832691,1785832691,a,,,
436761,1785832691,1785832691,a,,,
436761,1788894459,1788366064,u,0.0,0.0,Has joined Sheffield United on loan for the rest of the season
436893,1785832691,1785832691,a,,,
436893,1787270210,1786262406,i,,0.0,Thigh injury - Unknown return date
437495,1785832691,1785832691,a,,,
437497,1788894459,1788894459,a,,,
437499,1785832691,1785832691,a,,,
437505,1785832691,1785832691,a,,,
437730,1785832691,1785832691,a,,,
437738,1785832691,1785832691,a,,,
437738,1787270210,1787147775,u,,0.0,Has joined Hamburg SV on loan for the rest of the season
438098,1785832691,1785832691,a,,,
438098,1788894459,1788364828,u,0.0,0.0,Has joined Hamburger SV permanently
438234,1785832691,1785832691,a,,,
438464,1785832691,1785832691,a,,,
439509,1785832691,1785832691,a,,,
439668,1785832691,1785832691,a,,,
439668,1789115764,1789065009,i,,0.0,Unspecified injury - Expected back 12 Oct
440089,1785832691,1785832691,a,,,
440993,1785832691,1785832691,a,,,
441164,1785832691,1785832691,a,,,
441164,1787910473,1787910473,a,0.0,100.0,
441164,1789202150,1789149609,d,100.0,75.0,Unspecified injury - 75% chance of playing
441191,1785832691,1784808084,d,,75.0,Calf injury - 75% chance of playing
441191,1787270210,1787270210,i,,0.0,Calf injury - Unknown return date
441191,1788894459,1788894459,a,0.0,100.0,
441264,1785832691,1785832691,a,,,
441266,1785832691,1785832691,a,,,
441302,1785832691,1785832691,a,,,
442299,1788894459,1788894459,a,,,
442967,1785832691,1785832691,a,,,
443261,1785832691,1785832691,a,,,
444102,1785832691,1785832691,a,,,
444145,1785832691,1785832691,a,,,
444145,1788894459,1788525287,u,0.0,0.0,Has joined Al Hilal permanently
444172,1785832691,1785832691,a,,,
444172,1787910473,1787842429,u,,0.0,Has joined MK Dons permanently
444180,1785832691,1785832691,a,,,
444307,1785832691,1785832691,a,,,
444307,1787270210,1786974627,u,,0.0,Has joined Colchester United on loan for the rest of the season
444463,1785832691,1784808083,s,,0.0,Suspended until 6 Sep
444463,1787910473,1787910473,a,0.0,100.0,
444765,1785832691,1785832691,a,,,
444765,1787270210,1786807806,i,,0.0,Unspecified injury - Unknown return date
444765,1787910473,1787910473,i,0.0,0.0,Groin injury - Unknown return date
444884,1785832691,1785832691,a,,,
444884,1788894459,1788365149,u,0.0,0.0,Has joined Valencia on loan for the rest of the season
445028,1785832691,1785832691,a,,,
445028,1787270210,1786809608,d,,50.0,Calf injury - 50% chance of playing
445028,1787910473,1787910473,a,50.0,100.0,
445028,1788963289,1788962408,i,100.0,0.0,Calf injury - Expected back 11 Oct
445044,1785832691,1784808084,i,,0.0,Knee injury - Unknown return date
445087,1787270210,1787270210,a,,,
445122,1785832691,1784808083,i,,0.0,Groin injury - Expected back 21 Aug
445122,1787270210,1787270210,i,,0.0,Groin injury - Unknown return date
445122,1788894459,1788894459,d,25.0,25.0,Groin injury - 25% chance of playing
446008,1785832691,1785832691,a,,,
448047,1785832691,1785832691,a,,,
448089,1785832691,1785832691,a,,,
448089,1787270210,1786809608,i,,0.0,Calf injury - Unknown return date
448089,1787910473,1787506208,s,0.0,0.0,Suspended until 19 Sep
448104,1785832691,1785832691,a,,,
448514,1785832691,1785832691,a,,,
449027,1785832691,1785832691,a,,,
449428,1785832691,1785661211,d,,75.0,Hip injury - 75% chance of playing
449428,1787910473,1787910473,i,0.0,0.0,Hip injury - Expected back 5 Sep
449428,1788894459,1788894459,u,0.0,0.0,Has joined Newport County on loan until January
449429,1785832691,1785832691,a,,,
449434,1785832691,1785832691,a,,,
449871,1785832691,1784808083,i,,0.0,Knee injury - Unknown return date
450063,1788894459,1788894459,a,,,
450542,1785832691,1785832691,a,,,
450542,1789045578,1789031567,u,,0.0,has joined  Kasimpasa on loan for the rest of the seaon.
451284,1785832691,1785832691,a,,,
451302,1785832691,1785832691,a,,,
451302,1787270210,1786370549,u,,0.0,Has joined Celta Vigo on loan for the rest of the season
451340,1785832691,1784917811,i,,0.0,Hamstring injury - Unknown return date
451340,1789045578,1789045578,i,0.0,0.0,Hamstring injury - Expected back 10 Oct
451490,1785832691,1785832691,a,,,
454490,1785832691,1785832691,a,,,
455084,1785832691,1785832691,a,,,
456512,1785832691,1785832691,a,,,
457569,1785832691,1785832691,a,,,
458249,1785832691,1785832691,a,,,
460028,1785832691,1785832691,a,,,
460842,1785832691,1784808084,d,,75.0,Thigh injury - 75% chance of playing
460842,1787910473,1787910473,d,25.0,50.0,Thigh injury - 50% chance of playing
460842,1788894459,1788894459,a,100.0,100.0,
461102,1785832691,1785832691,a,,,
461199,1785832691,1785832691,a,,,
461199,1788963289,1788962408,i,,0.0,Knee injury - Unknown return date
461587,1785832691,1785832691,a,,,
462387,1785832691,1785832691,a,,,
462387,1787910473,1787842450,u,,0.0,Has joined Sheffield Wednesday on loan for the rest of the season
462424,1785832691,1784808083,i,,0.0,Back injury - Unknown return date
462635,1785832691,1785832691,a,,,
462635,1787270210,1787002208,i,,0.0,Ankle injury - Expected back 5 Sep
462635,1788894459,1788894459,a,100.0,100.0,
463034,1785832691,1785832691,a,,,
463067,1785832691,1785832691,a,,,
463067,1787910473,1787760008,d,,75.0,Unspecified injury - 75% chance of playing
463210,1787270210,1787270210,a,,,
463726,1787270210,1787270210,a,,,
463726,1788989362,1788964208,d,,75.0,Hamstring injury - 75% chance of playing
463936,1785832691,1785832691,a,,,
463981,1785832691,1785832691,a,,,
464353,1785832691,1785832691,a,,,
465247,1785832691,1785832691,a,,,
465351,1785832691,1785832691,a,,,
465351,1787270210,1786905007,d,,75.0,Knock - 75% chance of playing
465351,1787910473,1787830208,d,100.0,75.0,Unspecified injury - 75% chance of playing
465351,1788894459,1788894459,a,100.0,100.0,
465390,1785832691,1785832691,a,,,
465390,1787910473,1787842589,i,,0.0,Hamstring injury - Unknown return date
465525,1785832691,1784808084,i,,0.0,Knee injury - Unknown return date
465642,1785832691,1785832691,a,,,
465680,1785832691,1785832691,a,,,
465694,1785832691,1785832691,a,,,
465730,1785832691,1785832691,a,,,
465920,1787270210,1787270210,a,,,
465920,1789202150,1789149609,i,,0.0,Ankle injury - Unknown return date
466052,1785832691,1785832691,a,,,
466075,1785832691,1785832691,a,,,
466525,1785832691,1785832691,a,,,
467779,1785832691,1785832691,a,,,
467779,1788894459,1788514209,i,0.0,0.0,Knee injury - Unknown return date
469142,1785832691,1785832691,a,,,
469247,1785832691,1785832691,a,,,
469247,1787270210,1786974749,u,,0.0,Has joined Bolton Wanderers on loan for the rest of the season
469266,1787270210,1787270210,a,,,
469272,1785832691,1785832691,a,,,
470294,1785832691,1785832691,a,,,
470294,1787270210,1785868211,i,,0.0,Thigh injury - Unknown return date
470313,1785832691,1785832691,a,,,
470313,1788894459,1788365237,u,0.0,0.0,Has joined Juventus on loan for the rest of the season
470315,1785832691,1785832691,a,,,
470551,1785832691,1785832691,a,,,
471551,1788894459,1788521409,i,0.0,0.0,Unspecified injury - Expected back 13 Sep
471551,1789045578,1789045578,d,0.0,50.0,Hamstring injury - 50% chance of playing
471551,1789202150,1789202150,d,0.0,75.0,Hamstring injury - 75% chance of playing
472713,1785832691,1785832691,a,,,
472739,1785832691,1785832691,a,,,
472769,1785832691,1785832691,a,,,
472769,1788894459,1788631206,d,,75.0,Back injury - 75% chance of playing
472769,1789122412,1789122412,a,,100.0,
473284,1787270210,1787270210,a,,,
474120,1787270210,1787270210,a,,,
474120,1787910473,1787910473,a,,100.0,
475168,1785832691,1785832691,a,,,
476887,1785832691,1785832691,a,,,
476887,1787910473,1787842383,u,,0.0,Has joined Lille on loan for the rest of the season
477064,1785832691,1785832691,a,,,
477424,1785832691,1785832691,a,,,
477547,1785832691,1785832691,a,,,
477547,1787270210,1786543683,u,,0.0,Has joined KV Mechelen on loan for the rest of the season
477555,1785832691,1785832691,a,,,
480455,1785832691,1785832691,a,,,
480457,1785832691,1784808083,d,,75.0,Shoulder injury - 75% chance of playing
480457,1787270210,1787270210,a,,100.0,
481624,1785832691,1785832691,a,,,
481624,1787910473,1787657408,i,,0.0,Ankle injury - Unknown return date
481624,1789202150,1789202150,a,0.0,100.0,
481655,1785832691,1785832691,a,,,
482442,1785832691,1785832691,a,,,
482442,1787910473,1787322608,i,0.0,0.0,Hamstring injury - Unknown return date
482442,1788894459,1788364963,u,0.0,0.0,Has joined Juventus on loan for the rest of the season
482609,1785832691,1785832691,a,,,
482616,1788894459,1788894459,a,,,
482973,1785832691,1785832691,a,,,
483067,1785832691,1785832691,a,,,
484389,1785832691,1785832691,a,,,
484389,1788894459,1788363855,u,0.0,0.0,Has joined Leyton Orient on loan for the rest of the season
484420,1785832691,1785832691,a,,,
485047,1785832691,1785832691,a,,,
485047,1788894459,1788365995,u,0.0,0.0,Has joined West Ham on loan for the rest of the season
485055,1785832691,1785832691,a,,,
485337,1785832691,1785832691,a,,,
485711,1785832691,1784808084,d,,75.0,Shin injury - 75% chance of playing
485711,1787910473,1787910473,a,75.0,100.0,
486385,1785832691,1785832691,a,,,
486385,1788894459,1788365123,u,0.0,0.0,Has joined Fiorentina permanently
486520,1785832691,1785832691,a,,,
486520,1787270210,1786748406,i,,0.0,Knee injury - Unknown return date
486520,1788894459,1786748406,d,25.0,25.0,Knee injury - 25% chance of playing
486672,1785832691,1785832691,a,,,
486672,1787910473,1787596207,d,,75.0,Unspecified injury - 75% chance of playing
486672,1788989362,1788105608,d,75.0,75.0,Calf injury - 75% chance of playing
486672,1789134473,1788105608,i,75.0,0.0,Calf injury - Expected back 18 Sep
487053,1785832691,1785832691,a,,,
487053,1789202150,1789149609,d,,75.0,Unspecified injury - 75% chance of playing
487117,1785832691,1784808083,i,,0.0,Ankle injury - Expected back 10 Oct
487676,1785832691,1785832691,a,,,
487838,1785832691,1785832691,a,,,
487992,1787270210,1787270210,a,,,
488024,1785832691,1785832691,a,,,
489580,1785832691,1785832691,a,,,
489580,1787910473,1787753127,u,,0.0,Has joined St Mirren on loan for the rest of the season
489639,1785832691,1785832691,a,,,
489706,1785832691,1785832691,a,,,
489706,1788894459,1788363667,u,0.0,0.0,Has joined Stoke City permanently
489888,1785832691,1785832691,a,,,
489888,1787270210,1786809608,i,,0.0,Unspecified injury - Unknown return date
489888,1789202150,1789202150,i,0.0,0.0,Calf injury - Unknown return date
490094,1785832691,1785832691,a,,,
490094,1787270210,1786824007,i,,0.0,Groin injury - Unknown return date
490094,1787910473,1787910473,i,0.0,0.0,Thigh injury - Unknown return date
490094,1788894459,1788894459,a,100.0,100.0,
490145,1785832691,1785832691,a,,,
490145,1788894459,1788364963,u,0.0,0.0,Has joined Leyton Orient permanently
490161,1785832691,1785832691,a,,,
490161,1787270210,1786543704,u,,0.0,Has joined Portsmouth permanently
490881,1785832691,1785832691,a,,,
490881,1788894459,1788268609,u,0.0,0.0,Has joined West Brom permanently
490884,1788894459,1788894459,a,,,
491007,1785832691,1785832691,a,,,
491007,1788894459,1788366042,u,0.0,0.0,Has joined RC Strasbourg on loan for the rest of the season
491279,1785832691,1785832691,a,,,
491279,1787910473,1787910473,a,0.0,100.0,
491501,1785832691,1785832691,a,,,
492498,1785832691,1785832691,a,,,
492498,1788894459,1788363855,u,0.0,0.0,Has joined Burton Albion on loan for the rest of the season
492777,1785832691,1784808084,i,,0.0,Knee injury - Unknown return date
492859,1785832691,1785832691,a,,,
492859,1787270210,1786998608,i,,0.0,Hamstring injury - Unknown return date
492859,1788894459,1788365087,u,0.0,0.0,Has joined ACF Fiorentina on loan for the rest of the season
493105,1785832691,1785832691,a,,,
493250,1785832691,1785832691,a,,,
493250,1787910473,1787396409,d,,75.0,Unspecified injury - 75% chance of playing
493250,1788894459,1788894459,i,0.0,0.0,Unspecified injury - Unknown return date
493362,1785832691,1784808084,i,,0.0,Knee injury - Unknown return date
494307,1785832691,1785832691,a,,,
494307,1787270210,1787062316,u,,0.0,Has joined Burnley on loan for the rest of the season
494521,1785832691,1785832691,a,,,
494595,1785832691,1785832691,a,,,
494928,1787270210,1787270210,a,,,
494950,1785832691,1785330028,u,,0.0,Has joined Grimsby Town on loan for the rest of the season
496181,1788894459,1788894459,a,,,
496208,1785832691,1785832691,a,,,
496221,1785832691,1784808083,d,,75.0,Ankle injury - 75% chance of playing
496221,1787270210,1787270210,a,,100.0,
496661,1785832691,1785832691,a,,,
498016,1785832691,1785832691,a,,,
498444,1787270210,1787270210,a,,,
499169,1785832691,1785832691,a,,,
499175,1785832691,1785832691,a,,,
499175,1788894459,1788364867,u,0.0,0.0,Has joined Borussia Dortmund on loan for the rest of the season
499300,1785832691,1785832691,a,,,
499300,1788894459,1788268997,u,0.0,0.0,Has joined Malaga on loan for the rest of the season
499309,1785832691,1785832691,a,,,
499309,1788894459,1788269089,u,0.0,0.0,Has joined RB Leipzig permanently
499604,1785832691,1785832691,a,,,
499716,1785832691,1785832691,a,,,
499721,1785832691,1785832691,a,,,
499721,1788894459,1788525588,u,0.0,0.0,Has joined FC Köln on loan for the rest of the season
499726,1785832691,1785832691,a,,,
500033,1788894459,1788894459,a,,,
500040,1785832691,1785832691,a,,,
500040,1788894459,1788530408,d,75.0,75.0,Muscular injury - 75% chance of playing
500040,1789122412,1788530408,d,75.0,50.0,Muscular injury - 50% chance of playing
500058,1785832691,1784808084,i,,0.0,Unspecified injury - Unknown return date
500058,1788894459,1788894459,a,100.0,100.0,
500151,1785832691,1784808084,i,,0.0,Knee injury - Unknown return date
500957,1785832691,1785832691,a,,,
500957,1787270210,1786974627,u,,0.0,Has joined Konyaspor permanently
501390,1785832691,1785832691,a,,,
501459,1785832691,1785832691,a,,,
501902,1785832691,1785661211,i,,0.0,Groin injury - Unknown return date
502500,1785832691,1785832691,a,,,
502697,1785832691,1785832691,a,,,
503037,1785832691,1784925011,d,,75.0,Hamstring injury - 75% chance of playing
503037,1787270210,1787270210,a,,100.0,
503037,1788989362,1788966009,d,100.0,75.0,Hamstring injury - 75% chance of playing
503037,1789202150,1788966009,i,100.0,0.0,Hamstring injury - Expected back 18 Sep
503139,1785832691,1785832691,a,,,
503301,1785832691,1785832691,a,,,
503301,1788894459,1788269032,u,0.0,0.0,Has joined AC Milan on loan for the rest of the season
505079,1785832691,1785832691,a,,,
505079,1788894459,1788269111,u,0.0,0.0,Has joined York City on loan for the rest of the season
507433,1785832691,1785832691,a,,,
508395,1785832691,1785832691,a,,,
508479,1785832691,1785832691,a,,,
508479,1787270210,1786543623,u,,0.0,Has joined RC Strasbourg on loan for the rest of the season
509416,1785832691,1785832691,a,,,
509416,1788894459,1788894459,a,75.0,100.0,
510281,1785832691,1785832691,a,,,
510281,1788894459,1788894459,a,100.0,100.0,
510663,1785832691,1784808084,i,,0.0,Achilles injury - Unknown return date
511499,1785832691,1785832691,a,,,
512123,1787910473,1787910473,a,,,
512462,1785832691,1785832691,a,,,
513086,1785832691,1785832691,a,,,
513418,1785832691,1785832691,a,,,
513466,1785832691,1785832691,a,,,
513545,1785832691,1785832691,a,,,
514254,1785832691,1785832691,a,,,
514356,1785832691,1785832691,a,,,
514514,1785832691,1785832691,a,,,
515046,1785832691,1785832691,a,,,
515597,1785832691,1785832691,a,,,
515621,1785832691,1785832691,a,,,
515621,1787910473,1787421607,i,,0.0,Knee injury - Unknown return date
516895,1785832691,1785832691,a,,,
517052,1785832691,1785832691,a,,,
519324,1788894459,1788363496,u,0.0,0.0,Has joined Middlesbrough on loan for the rest of the season
519440,1785832691,1785832691,a,,,
519634,1785832691,1785832691,a,,,
519634,1788894459,1787963692,u,0.0,0.0,Has joined Swansea City on loan for the rest of the season
519913,1785832691,1785832691,a,,,
522047,1785832691,1785832691,a,,,
523700,1787910473,1787910473,a,,,
524180,1787910473,1787910473,a,,,
524180,1788894459,1788365058,u,0.0,0.0,Has joined Huddersfield Town on loan for the rest of the season
531442,1785832691,1785832691,a,,,
532529,1785832691,1785832691,a,,,
532529,1787910473,1787859008,d,,25.0,Unspecified injury - 25% chance of playing
532529,1788894459,1788894459,d,50.0,50.0,Unspecified injury - 50% chance of playing
532529,1789202150,1789202150,i,50.0,0.0,Ankle injury - Expected back 10 Oct
532605,1785832691,1785832691,a,,,
533463,1785832691,1785832691,a,,,
533646,1788894459,1788894459,a,,,
534392,1785832691,1785765920,u,,0.0,Has joined Sheffield Wednesday on loan for the rest of the season
535301,1785832691,1785832691,a,,,
535301,1787270210,1786032011,i,,0.0,Ankle injury - Expected back 23 Aug
535301,1787910473,1787910473,i,0.0,0.0,Ankle injury - Unknown return date
535301,1788894459,1788894459,i,0.0,0.0,Ankle injury - Expected back 19 Sep
535818,1785832691,1785832691,a,,,
535818,1787270210,1787234408,i,,0.0,Ankle injury - Unknown return date
535818,1788894459,1787234408,u,0.0,0.0,Has joined Ajax on loan for the rest of the season
535928,1785832691,1784808084,i,,0.0,Hamstring injury - Expected back 23 Aug
535928,1787910473,1787910473,i,0.0,0.0,Hamstring injury - Unknown return date
535928,1788894459,1788894459,u,0.0,0.0,Has joined Celta Vigo permanently
536661,1785832691,1785832691,a,,,
536694,1785832691,1785832691,a,,,
536694,1789202150,1789137739,u,,0.0,Has joined Alverca on loan for the rest of the season
536916,1785832691,1785832691,a,,,
536916,1787270210,1786370588,u,,0.0,Has joined Elche on loan for the rest of the season
538007,1787270210,1787270210,a,,,
538207,1785832691,1785832691,a,,,
538207,1787910473,1787684408,i,,0.0,Foot injury - Unknown return date
538638,1785832691,1785832691,a,,,
538638,1788894459,1788268565,u,0.0,0.0,Has joined Charlton Athletic on loan for the rest of the season
539142,1785832691,1785832691,a,,,
540324,1785832691,1785832691,a,,,
543158,1787270210,1787270210,a,,,
543295,1785832691,1784808083,d,,75.0,Knee injury - 75% chance of playing
543295,1787270210,1787270210,i,,0.0,Knee injury - Unknown return date
543968,1785832691,1785832691,a,,,
543968,1788894459,1788894459,a,100.0,100.0,
544877,1785832691,1785832691,a,,,
545477,1785832691,1785832691,a,,,
545477,1787270210,1786543529,u,,0.0,Has joined FC Kaiserslautern on loan for the rest of the season
546600,1785832691,1785832691,a,,,
546600,1787910473,1787666650,u,,0.0,Has joined Valencia on loan for the rest of the season
547027,1785832691,1785832691,a,,,
547027,1788894459,1788107408,i,0.0,0.0,Hamstring injury - Unknown return date
547037,1785832691,1785832691,a,,,
547676,1785832691,1785832691,a,,,
547676,1787270210,1787062352,u,,0.0,Has joined Lausanne-Sport permanently
547686,1787910473,1787910473,a,,,
547686,1788894459,1787916608,d,75.0,75.0,Unspecified injury - 75% chance of playing
547686,1789202150,1787916608,u,75.0,0.0,has joined  Real Salt Lake on loan for the rest of the seaon.
547701,1785832691,1785832691,a,,,
547719,1785832691,1784808084,i,,0.0,Leg injury - Expected back 30 Aug
547719,1787270210,1787270210,a,,100.0,
548308,1785832691,1785832691,a,,,
548308,1787270210,1787062388,u,,0.0,Has joined Middlesbrough permanently
549067,1785832691,1785832691,a,,,
549067,1788894459,1788365995,u,0.0,0.0,Has joined Southampton on loan for the rest of the season
549074,1785832691,1785765944,u,,0.0,Has joined Leicester City on loan for the rest of the season
549653,1785832691,1785243530,u,,0.0,Has joined KVC Westerlo on loan for the rest of the season
549912,1785832691,1785832691,a,,,
549939,1785832691,1785832691,a,,,
549940,1788894459,1788894459,a,,,
550090,1785832691,1785832691,a,,,
550615,1785832691,1785832691,a,,,
550839,1785832691,1784808084,i,,0.0,Knee injury - Unknown return date
550864,1785832691,1785832691,a,,,
551050,1788894459,1788894459,a,,,
551210,1785832691,1785832691,a,,,
551226,1785832691,1785832691,a,,,
551262,1785832691,1785832691,a,,,
551262,1787270210,1786974836,u,,0.0,Has joined Shabab Al-Ahli Dubai permanently
551466,1787270210,1787270210,a,,,
551499,1785832691,1785832691,a,,,
552946,1787270210,1787270210,a,,,
553746,1787910473,1787910473,a,,,
553746,1789202150,1789137717,u,,0.0,has joined Arouca on loan for the rest of the seaon.
553783,1785832691,1785832691,a,,,
553783,1787270210,1785868211,i,,0.0,Thigh injury - Unknown return date
553783,1788963289,1788963289,a,0.0,100.0,
554054,1788894459,1788894459,a,,,
554197,1785832691,1785832691,a,,,
554578,1785832691,1785832691,a,,,
554578,1789115764,1789056009,d,,50.0,Ankle injury - 50% chance of playing
556637,1785832691,1785832691,a,,,
557012,1785832691,1785832691,a,,,
559152,1787270210,1787270210,a,,,
560262,1785832691,1785346210,i,,0.0,Foot injury - Unknown return date
560262,1789115764,1789115764,i,0.0,0.0,Foot injury - Expected back 7 Nov
560552,1785832691,1785832691,a,,,
561245,1785832691,1785832691,a,,,
561245,1787270210,1786811407,d,,75.0,Unspecified injury - 75% chance of playing
561245,1787910473,1787910473,a,75.0,100.0,
565297,1785832691,1785348010,i,,0.0,Knee injury - Unknown return date
566213,1789202150,1789202150,a,,,
567119,1785832691,1785832691,a,,,
568420,1787270210,1787270210,a,,,
569577,1787910473,1787910473,a,,,
570241,1785832691,1785832691,a,,,
570526,1785832691,1785832691,a,,,
570794,1787270210,1787270210,a,,,
571380,1787910473,1787910473,a,,,
571380,1788894459,1788525340,u,0.0,0.0,Has joined Oxford United on loan until January
571779,1787270210,1787270210,a,,,
572584,1787270210,1787270210,a,,,
574458,1785832691,1785832691,a,,,
574458,1788894459,1787963663,u,0.0,0.0,Has joined Real Sociedad on loan for the rest of the season
575204,1785832691,1785832691,a,,,
575204,1788894459,1788450085,u,0.0,0.0,Has joined Benfica on loan for the rest of the season
575458,1785832691,1785832691,a,,,
575458,1789230234,1789221610,d,,75.0,Hamstring injury - 75% chance of playing
575476,1785832691,1784808084,d,,75.0,Muscle injury - 75% chance of playing
575476,1787270210,1787270210,a,,100.0,
575901,1785832691,1785832691,a,,,
575901,1787270210,1786811407,d,,75.0,Hamstring injury - 75% chance of playing
575901,1788894459,1788894459,a,100.0,100.0,
576620,1785832691,1785832691,a,,,
576628,1785832691,1785832691,a,,,
577016,1785832691,1785832691,a,,,
577285,1785832691,1785832691,a,,,
577411,1785832691,1785832691,a,,,
577411,1788894459,1787963760,u,0.0,0.0,Has joined Academico de Viseu on loan for the rest of the season
577669,1785832691,1785832691,a,,,
577725,1785832691,1785832691,a,,,
577974,1785832691,1785832691,a,,,
578153,1785832691,1785832691,a,,,
578545,1785832691,1785832691,a,,,
578545,1787270210,1787147806,u,,0.0,Has joined Rangers on loan for the rest of the season
586268,1785832691,1785832691,a,,,
586268,1787270210,1787062279,u,,0.0,Has joined TSV Hartberg on loan for the rest of the season
586309,1785832691,1785832691,a,,,
587982,1788894459,1788894459,a,,,
590014,1785832691,1785832691,a,,,
590014,1787270210,1786543727,u,,0.0,Has joined Bristol City on loan for the rest of the season
590039,1785832691,1785832691,a,,,
590039,1788894459,1788431651,u,0.0,0.0,has joined West Ham on loan for the rest of the seaon.
591386,1785832691,1785832691,a,,,
592031,1785832691,1785832691,a,,,
592031,1787270210,1786730406,i,,0.0,Leg injury - Expected back 28 Nov
592740,1787910473,1787910473,a,,,
592984,1788894459,1788894459,a,,,
593117,1785832691,1784925011,d,,75.0,Unspecified injury - 75% chance of playing
593117,1787270210,1787270210,a,,100.0,
593174,1785832691,1785832691,a,,,
595480,1788894459,1788894459,a,,,
596047,1785832691,1785832691,a,,,
596777,1785832691,1785832691,a,,,
597320,1785832691,1785832691,a,,,
597320,1787270210,1786974799,u,,0.0,Has joined Leicester City on loan for the rest of the season
597462,1787270210,1787270210,a,,,
599303,1785832691,1785832691,a,,,
599303,1788894459,1788525464,u,0.0,0.0,Has joined Wolves on loan for the rest of the season
605972,1788894459,1788894459,a,,,
606702,1785832691,1785832691,a,,100.0,
606745,1785832691,1785832691,a,,,
606798,1785832691,1785832691,a,,,
606921,1785832691,1785832691,a,,,
606921,1788894459,1788363667,u,0.0,0.0,Has joined Millwall on loan for the rest of the season
606930,1787270210,1787270210,a,,,
606930,1787910473,1787910473,a,,100.0,
607464,1785832691,1785832691,a,,,
608181,1785832691,1784808083,d,,75.0,Knee injury - 75% chance of playing
608181,1787910473,1787910473,i,0.0,0.0,Knee injury - Unknown return date
608227,1787270210,1787270210,a,,,
609873,1785832691,1785832691,a,,,
610799,1785832691,1785832691,a,,,
611665,1785832691,1785832691,a,,,
611695,1787910473,1787910473,a,,,
611917,1787910473,1787910473,a,,,
611922,1785832691,1785832691,a,,,
612855,1787910473,1787910473,a,,,
613221,1788894459,1788894459,a,,,
613804,1788894459,1788894459,a,,,
614071,1785832691,1785832691,a,,,
614071,1787270210,1786807806,i,,0.0,Knee injury - Unknown return date
614071,1788894459,1786807806,i,0.0,0.0,Knee injury - Expected back 12 Sep
614071,1789202150,1786807806,d,0.0,50.0,Knee injury - 50% chance of playing
614071,1789230234,1789230234,a,50.0,100.0,
614574,1785832691,1785832691,a,,,
616069,1788894459,1788894459,a,,,
616077,1785832691,1785832691,a,,,
616221,1785832691,1785832691,a,,,
616221,1788894459,1788269067,u,0.0,0.0,Has joined FC Porto on loan for the rest of the season
616222,1785832691,1785832691,a,,,
616288,1788894459,1788894459,a,,,
620109,1785832691,1785832691,a,,,
620109,1787910473,1787596207,d,,75.0,Unspecified injury - 75% chance of playing
620109,1789202150,1787596207,i,75.0,0.0,Thigh injury - Expected back 18 Sep
620487,1785832691,1785832691,a,,,
620487,1787270210,1786010410,i,,0.0,Unspecified injury - Unknown return date
620487,1789202150,1786010410,i,0.0,0.0,Thigh injury - Unknown return date
622758,1785832691,1785832691,a,,,
622758,1787910473,1787910473,a,,100.0,
624773,1785832691,1785832691,a,,,
624777,1788894459,1788894459,a,,,
626751,1788894459,1788894459,a,,,
626751,1788963289,1788948009,i,,0.0,Back injury - Unknown return date
627221,1787270210,1787270210,a,,,
629068,1788894459,1788894459,a,,,
629397,1785832691,1785832691,a,,,
629397,1788894459,1787963760,u,0.0,0.0,Has joined Oxford United on loan for the rest of the season
631000,1788894459,1788894459,a,,,
631786,1785832691,1785832691,a,,,
632794,1785832691,1785832691,a,,,
636852,1785832691,1785832691,a,,,
637238,1787910473,1787910473,a,,,
638411,1787910473,1787910473,a,,,
638411,1788894459,1788894459,a,100.0,100.0,
638987,1788894459,1788894459,a,,,
640419,1785832691,1785832691,a,,,
643970,1787910473,1787910473,a,,,
645618,1785832691,1785832691,a,,,
647681,1785832691,1784808084,i,,0.0,Knee injury - Unknown return date
647839,1788894459,1788894459,a,,,
647850,1785832691,1785832691,a,,,
649208,1785832691,1785832691,a,,,
649208,1788894459,1788364921,u,0.0,0.0,Has joined Swansea City on loan for the rest of the season
651426,1785832691,1785832691,a,,,
653481,1785832691,1785832691,a,,,
660392,1785832691,1784809136,u,,0.0,has returned to Getafe CF
661313,1788894459,1788894459,a,,,
661800,1785832691,1785832691,a,,,
661888,1787270210,1787270210,a,,,
672492,1785832691,1785832691,a,,,
684268,1785832691,1785832691,a,,,
690838,1787270210,1786809608,i,,0.0,Unspecified injury - Unknown return date
696104,1787910473,1787910473,a,,,
699989,1785832691,1785832691,a,,,
700308,1785832691,1785832691,a,,,
700308,1789045578,1789045209,i,,0.0,Unspecified injury - Expected back 10 Oct
